place,year,perDiff,distance,discipline
1,1968,13,100,run
2,1968,13.86,100,run
3,1968,14.85,100,run
4,1968,14.85,100,run
5,1968,15.84,100,run
6,1968,15.69,100,run
7,1968,14.56,100,run
8,1968,16.5,100,run
1,1972,14.14,100,run
2,1972,14.14,100,run
3,1972,13,100,run
4,1972,12.87,100,run
5,1972,12.87,100,run
6,1972,12.87,100,run
7,1972,13.86,100,run
8,1972,13.73,100,run
1,1976,9.59,100,run
2,1976,9.55,100,run
3,1976,10.22,100,run
4,1976,10.56,100,run
5,1976,11.79,100,run
6,1976,12.09,100,run
7,1976,12.34,100,run
8,1976,13.6,100,run
1,1980,10.33,100,run
2,1980,11.3,100,run
3,1980,11.17,100,run
4,1980,11.63,100,run
5,1980,12.39,100,run
6,1980,12.45,100,run
7,1980,11.7,100,run
8,1980,10.69,100,run
1,1984,11.13,100,run
2,1984,9.7,100,run
3,1984,9.87,100,run
4,1984,10.2,100,run
5,1984,10.19,100,run
6,1984,11.05,100,run
7,1984,11.71,100,run
8,1984,13.81,100,run
1,1988,8.49,100,run
2,1988,9.63,100,run
3,1988,10.54,100,run
4,1988,11.34,100,run
5,1988,11.52,100,run
6,1988,12.58,100,run
7,1988,12.32,100,run
8,1988,11.51,100,run
1,1992,8.72,100,run
2,1992,9.22,100,run
3,1992,10.59,100,run
4,1992,10.26,100,run
5,1992,10.15,100,run
6,1992,10.21,100,run
7,1992,10.68,100,run
8,1992,10.85,100,run
1,1996,9.07,100,run
2,1996,9.1,100,run
3,1996,8.98,100,run
4,1996,8.95,100,run
5,1996,8.84,100,run
6,1996,10.03,100,run
7,1996,9.39,100,run
8,1996,8.81,100,run
1,2000,8.69,100,run
2,2000,9.73,100,run
3,2000,10.53,100,run
4,2000,10.51,100,run
5,2000,9.96,100,run
6,2000,9.82,100,run
7,2000,10.11,100,run
8,2000,10.98,100,run
1,2004,10.7,100,run
2,2004,11.09,100,run
3,2004,11.78,100,run
4,2004,11.21,100,run
5,2004,11.18,100,run
6,2004,11.25,100,run
7,2004,10.76,100,run
8,2004,8.5,100,run
1,2008,12.09,100,run
2,2008,11.22,100,run
3,2008,10.77,100,run
4,2008,10.96,100,run
5,2008,9.93,100,run
6,2008,10.31,100,run
7,2008,10.69,100,run
8,2008,10.98,100,run
1,2012,11.43,100,run
2,2012,11.16,100,run
3,2012,11.48,100,run
4,2012,11.37,100,run
5,2012,11.85,100,run
6,2012,11.58,100,run
7,2012,11.02,100,run
8,2012,10.71,100,run
1,2016,9.59,100,run
2,2016,9.55,100,run
3,2016,8.02,100,run
4,2016,9.5,100,run
5,2016,9.27,100,run
6,2016,9.44,100,run
7,2016,10.23,100,run
8,2016,7.45,100,run
1,1968,19.29,200,run
2,1968,18.5,200,run
3,1968,17.91,200,run
4,1968,18.91,200,run
5,1968,20.9,200,run
6,1968,20.69,200,run
7,1968,18.93,200,run
8,1968,19.9,200,run
1,1972,14.71,200,run
2,1972,14.15,200,run
3,1972,15.05,200,run
4,1972,16.02,200,run
5,1972,16.43,200,run
6,1972,16.35,200,run
7,1972,15.71,200,run
8,1972,15.64,200,run
1,1976,11.89,200,run
2,1976,11.97,200,run
3,1976,11.36,200,run
4,1976,13.25,200,run
5,1976,13.58,200,run
6,1976,13.9,200,run
7,1976,14.13,200,run
8,1976,11.35,200,run
1,1980,10.79,200,run
2,1980,12.17,200,run
3,1980,12.13,200,run
4,1980,12.16,200,run
5,1980,12.01,200,run
6,1980,12.43,200,run
7,1980,12.15,200,run
8,1980,12.57,200,run
1,1984,11.58,200,run
2,1984,11.72,200,run
3,1984,10.9,200,run
4,1984,11.65,200,run
5,1984,13.09,200,run
6,1984,13.76,200,run
7,1984,14.53,200,run
8,1984,13.93,200,run
1,1988,9.47,200,run
2,1988,9.6,200,run
3,1988,9.83,200,run
4,1988,10.27,200,run
5,1988,10.46,200,run
6,1988,10.28,200,run
7,1988,11.91,200,run
8,1988,11.34,200,run
1,1992,11.32,200,run
2,1992,11.98,200,run
3,1992,11.77,200,run
4,1992,12.06,200,run
5,1992,12.5,200,run
6,1992,13.53,200,run
7,1992,13.52,200,run
8,1992,12.61,200,run
1,1996,12.61,200,run
2,1996,10.73,200,run
3,1996,11.03,200,run
4,1996,10.81,200,run
5,1996,10.54,200,run
6,1996,11.03,200,run
7,1996,11.06,200,run
8,1996,13.24,200,run
1,2000,10.53,200,run
2,2000,11.12,200,run
3,2000,12.12,200,run
4,2000,13.23,200,run
5,2000,13.01,200,run
6,2000,12.54,200,run
7,2000,13.25,200,run
8,2000,13.87,200,run
1,2004,11.46,200,run
2,2004,11.74,200,run
3,2004,11.01,200,run
4,2004,11.53,200,run
5,2004,11.47,200,run
6,2004,10.25,200,run
7,2004,9.56,200,run
8,2004,9.89,200,run
1,2008,9.87,200,run
2,2008,10.73,200,run
3,2008,11.56,200,run
4,2008,11.11,200,run
5,2008,8.38,200,run
6,2008,8.76,200,run
7,2008,8.49,200,run
8,2008,9.84,200,run
1,2012,9.43,200,run
2,2012,9.78,200,run
3,2012,10.22,200,run
4,2012,10.76,200,run
5,2012,10.42,200,run
6,2012,11.11,200,run
7,2012,10.95,200,run
8,2012,10.63,200,run
1,2016,12.66,200,run
2,2016,12.68,200,run
3,2016,12.65,200,run
4,2016,12.2,200,run
5,2016,12.81,200,run
6,2016,11.87,200,run
7,2016,16.39,200,run
8,2016,14.98,200,run
1,1968,21.59,400,run
2,1968,22.45,400,run
3,1968,21.75,400,run
4,1968,22.32,400,run
5,1968,22.72,400,run
6,1968,22.12,400,run
7,1968,22.57,400,run
8,1968,21.26,400,run
1,1972,17.46,400,run
2,1972,20.32,400,run
3,1972,18.71,400,run
4,1972,18.18,400,run
5,1972,17.88,400,run
6,1972,19.16,400,run
7,1972,19.82,400,run
8,1972,21.15,400,run
1,1976,16.11,400,run
2,1976,15.23,400,run
3,1976,15.1,400,run
4,1976,16.49,400,run
5,1976,16.66,400,run
6,1976,17.51,400,run
7,1976,17.64,400,run
8,1976,16.02,400,run
1,1980,12.28,400,run
2,1980,12.42,400,run
3,1980,12.24,400,run
4,1980,12.65,400,run
5,1980,13.49,400,run
6,1980,13.27,400,run
7,1980,14.07,400,run
8,1980,14.02,400,run
1,1984,10.22,400,run
2,1984,10.99,400,run
3,1984,11.16,400,run
4,1984,11.38,400,run
5,1984,12.17,400,run
6,1984,12.3,400,run
7,1984,11.75,400,run
8,1984,11.7,400,run
1,1988,14.68,400,run
2,1988,14.6,400,run
3,1988,13.88,400,run
4,1988,13.61,400,run
5,1988,15.27,400,run
6,1988,15.74,400,run
7,1988,14.92,400,run
8,1988,15.2,400,run
1,1992,14.63,400,run
2,1992,14.11,400,run
3,1992,14.02,400,run
4,1992,13.34,400,run
5,1992,13.98,400,run
6,1992,13.87,400,run
7,1992,13.44,400,run
8,1992,13.77,400,run
1,1996,16.3,400,run
2,1996,15.26,400,run
3,1996,15.38,400,run
4,1996,15.49,400,run
5,1996,15.99,400,run
6,1996,15.33,400,run
7,1996,16.04,400,run
8,1996,14.15,400,run
1,2000,14.17,400,run
2,2000,12.55,400,run
3,2000,12.61,400,run
4,2000,13.69,400,run
5,2000,13.96,400,run
6,2000,14.04,400,run
7,2000,14.07,400,run
8,2000,14.28,400,run
1,2004,11.7,400,run
2,2004,11.69,400,run
3,2004,12.51,400,run
4,2004,13.02,400,run
5,2004,13.15,400,run
6,2004,14.66,400,run
7,2004,14.77,400,run
8,2004,15.25,400,run
1,2008,13.39,400,run
2,2008,15.05,400,run
3,2008,14.06,400,run
4,2008,13.26,400,run
5,2008,12.2,400,run
6,2008,12.46,400,run
7,2008,13.8,400,run
8,2008,14.38,400,run
1,2012,11.7,400,run
2,2012,12.43,400,run
3,2012,12.57,400,run
4,2012,13.15,400,run
5,2012,13.17,400,run
6,2012,13.24,400,run
7,2012,13.05,400,run
8,2012,13.28,400,run
1,2016,12.99,400,run
2,2016,11.65,400,run
3,2016,11.94,400,run
4,2016,11.44,400,run
5,2016,11.19,400,run
6,2016,11.02,400,run
7,2016,12.34,400,run
8,2016,12.85,400,run
1,1968,15.49,800,run
2,1968,14.85,800,run
3,1968,15.49,800,run
4,1968,17.89,800,run
5,1968,21.35,800,run
6,1968,20.73,800,run
7,1968,21.35,800,run
8,1968,21.56,800,run
1,1972,20.04,800,run
2,1972,19.71,800,run
3,1972,19.89,800,run
4,1972,20.44,800,run
5,1972,20.8,800,run
6,1972,21.44,800,run
7,1972,20.94,800,run
8,1972,20.04,800,run
1,1976,14.34,800,run
2,1976,13.88,800,run
3,1976,13.6,800,run
4,1976,14.71,800,run
5,1976,17.05,800,run
6,1976,17.01,800,run
7,1976,18.15,800,run
8,1976,18.07,800,run
1,1980,13.17,800,run
2,1980,14.57,800,run
3,1980,14.56,800,run
4,1980,14.97,800,run
5,1980,15.64,800,run
6,1980,15.47,800,run
7,1980,15.88,800,run
8,1980,16.14,800,run
1,1984,14.23,800,run
2,1984,15.04,800,run
3,1984,15.25,800,run
4,1984,15.81,800,run
5,1984,14.99,800,run
6,1984,15.06,800,run
7,1984,14.55,800,run
8,1984,14.15,800,run
1,1988,13.51,800,run
2,1988,14.11,800,run
3,1988,14.32,800,run
4,1988,13.02,800,run
5,1988,15.31,800,run
6,1988,15.15,800,run
7,1988,15.23,800,run
8,1988,14,800,run
1,1992,15.24,800,run
2,1992,14.93,800,run
3,1992,14.63,800,run
4,1992,15.26,800,run
5,1992,15.92,800,run
6,1992,15.74,800,run
7,1992,15.1,800,run
8,1992,14.58,800,run
1,1996,12.54,800,run
2,1996,12.98,800,run
3,1996,13.52,800,run
4,1996,13.38,800,run
5,1996,13.41,800,run
6,1996,13.11,800,run
7,1996,13.78,800,run
8,1996,13.68,800,run
1,2000,12.59,800,run
2,2000,12.32,800,run
3,2000,12.63,800,run
4,2000,12.35,800,run
5,2000,13.73,800,run
6,2000,14.76,800,run
7,2000,14.53,800,run
8,2000,14.72,800,run
1,2004,13.64,800,run
2,2004,14.62,800,run
3,2004,14.55,800,run
4,2004,15.05,800,run
5,2004,14.11,800,run
6,2004,14.9,800,run
7,2004,15.18,800,run
8,2004,15.51,800,run
1,2008,15.1,800,run
2,2008,14.69,800,run
3,2008,14.91,800,run
4,2008,14.94,800,run
5,2008,15.56,800,run
6,2008,15.48,800,run
7,2008,15.2,800,run
8,2008,14.58,800,run
1,2012,14.59,800,run
2,2012,13.95,800,run
3,2012,14.15,800,run
4,2012,14.09,800,run
5,2012,14,800,run
6,2012,15.44,800,run
7,2012,16.32,800,run
8,2012,13.23,800,run
1,2016,13.69,800,run
2,2016,13.91,800,run
3,2016,13.38,800,run
4,2016,12.83,800,run
5,2016,12.93,800,run
6,2016,13.26,800,run
7,2016,14.48,800,run
8,2016,11.39,800,run
1,1972,13.05,1500,run
2,1972,14.8,1500,run
3,1972,16.23,1500,run
4,1972,17.53,1500,run
5,1972,20.13,1500,run
6,1972,20.78,1500,run
7,1972,22,1500,run
8,1972,21.89,1500,run
1,1976,14.25,1500,run
2,1976,14.14,1500,run
3,1976,14.47,1500,run
4,1976,14.47,1500,run
5,1976,17.34,1500,run
6,1976,16.59,1500,run
7,1976,13.67,1500,run
8,1976,16.03,1500,run
1,1980,13.83,1500,run
2,1980,14.29,1500,run
3,1980,17.02,1500,run
4,1980,17.04,1500,run
5,1980,17.58,1500,run
6,1980,17.88,1500,run
7,1980,16.01,1500,run
8,1980,14.31,1500,run
1,1984,10.97,1500,run
2,1984,10.91,1500,run
3,1984,12.46,1500,run
4,1984,13.54,1500,run
5,1984,13.38,1500,run
6,1984,13.55,1500,run
7,1984,13.7,1500,run
8,1984,13.65,1500,run
1,1988,8.14,1500,run
2,1988,8.75,1500,run
3,1988,10.89,1500,run
4,1988,11.31,1500,run
5,1988,10.77,1500,run
6,1988,12.01,1500,run
7,1988,11.83,1500,run
8,1988,12.27,1500,run
1,1992,12.71,1500,run
2,1992,12.73,1500,run
3,1992,12.61,1500,run
4,1992,12.7,1500,run
5,1992,13.68,1500,run
6,1992,13.79,1500,run
7,1992,13.94,1500,run
8,1992,13.5,1500,run
1,1996,11.08,1500,run
2,1996,11.44,1500,run
3,1996,12.14,1500,run
4,1996,12.47,1500,run
5,1996,12.59,1500,run
6,1996,12.53,1500,run
7,1996,12.47,1500,run
8,1996,12.31,1500,run
1,2000,11.63,1500,run
2,2000,11.59,1500,run
3,2000,13.55,1500,run
4,2000,14.33,1500,run
5,2000,14.45,1500,run
6,2000,15.35,1500,run
7,2000,15.83,1500,run
8,2000,15.86,1500,run
1,2004,14.89,1500,run
2,2004,13.72,1500,run
3,2004,13.54,1500,run
4,2004,13.02,1500,run
5,2004,12.95,1500,run
6,2004,13.6,1500,run
7,2004,14.15,1500,run
8,2004,13.62,1500,run
1,2008,11.39,1500,run
2,2008,12.36,1500,run
3,2008,12.43,1500,run
4,2008,13.23,1500,run
5,2008,15.05,1500,run
6,2008,15.43,1500,run
7,2008,15.34,1500,run
8,2008,15.35,1500,run
1,2012,13.37,1500,run
2,2012,13.56,1500,run
3,2012,13.15,1500,run
4,2012,13.87,1500,run
5,2012,13.95,1500,run
6,2012,14.03,1500,run
7,2012,14.01,1500,run
8,2012,14.61,1500,run
1,2016,14.32,1500,run
2,2016,14.2,1500,run
3,2016,13.87,1500,run
4,2016,13.65,1500,run
5,2016,13.45,1500,run
6,2016,13.06,1500,run
7,2016,14.34,1500,run
8,2016,14.17,1500,run
1,1996,12.35,5000,run
2,1996,11.08,5000,run
3,1996,11.04,5000,run
4,1996,10.96,5000,run
5,1996,11.9,5000,run
6,1996,11.89,5000,run
7,1996,12.9,5000,run
8,1996,12.51,5000,run
1,2000,9.7,5000,run
2,2000,12.91,5000,run
3,2000,11.3,5000,run
4,2000,12.74,5000,run
5,2000,12.66,5000,run
6,2000,13.17,5000,run
7,2000,12.98,5000,run
8,2000,13.1,5000,run
1,2004,12.39,5000,run
2,2004,11.92,5000,run
3,2004,12.03,5000,run
4,2004,12.32,5000,run
5,2004,12.41,5000,run
6,2004,12.7,5000,run
7,2004,14.13,5000,run
8,2004,14.94,5000,run
1,2008,11.59,5000,run
2,2008,11.4,5000,run
3,2008,11.49,5000,run
4,2008,13.27,5000,run
5,2008,13.67,5000,run
6,2008,14.11,5000,run
7,2008,14.31,5000,run
8,2008,13.13,5000,run
1,2012,13.84,5000,run
2,2012,13.9,5000,run
3,2012,14.33,5000,run
4,2012,14.03,5000,run
5,2012,13.93,5000,run
6,2012,14.37,5000,run
7,2012,14.43,5000,run
8,2012,14.61,5000,run
1,2016,10.98,5000,run
2,2016,11.09,5000,run
3,2016,11.61,5000,run
4,2016,12,5000,run
5,2016,11.96,5000,run
6,2016,12.25,5000,run
7,2016,12.77,5000,run
8,2016,12.78,5000,run
1,1988,9.38,10000,run
2,1988,10.01,10000,run
3,1988,10.16,10000,run
4,1988,10.41,10000,run
5,1988,9.07,10000,run
6,1988,9.86,10000,run
7,1988,9.78,10000,run
8,1988,9.76,10000,run
1,1992,16.25,10000,run
2,1992,15.92,10000,run
3,1992,15.89,10000,run
4,1992,16.49,10000,run
5,1992,16.47,10000,run
6,1992,16.86,10000,run
7,1992,17.15,10000,run
8,1992,17.48,10000,run
1,1996,13.4,10000,run
2,1996,12.42,10000,run
3,1996,12.14,10000,run
4,1996,12.78,10000,run
5,1996,13.1,10000,run
6,1996,12.99,10000,run
7,1996,13.29,10000,run
8,1996,13.52,10000,run
1,2000,13.53,10000,run
2,2000,13.96,10000,run
3,2000,12.92,10000,run
4,2000,12.14,10000,run
5,2000,12.59,10000,run
6,2000,12.75,10000,run
7,2000,12.44,10000,run
8,2000,11.72,10000,run
1,2004,12.87,10000,run
2,2004,14.52,10000,run
3,2004,14.21,10000,run
4,2004,15,10000,run
5,2004,15.22,10000,run
6,2004,15.84,10000,run
7,2004,15.77,10000,run
8,2004,15.79,10000,run
1,2008,14.02,10000,run
2,2008,14.11,10000,run
3,2008,14.24,10000,run
4,2008,16.61,10000,run
5,2008,16.52,10000,run
6,2008,17.05,10000,run
7,2008,17.11,10000,run
8,2008,18.07,10000,run
1,2012,16.59,10000,run
2,2012,16.04,10000,run
3,2012,15.92,10000,run
4,2012,15.86,10000,run
5,2012,16.07,10000,run
6,2012,15.34,10000,run
7,2012,12.03,10000,run
8,2012,15.96,10000,run
1,2016,13.53,10000,run
2,2016,13.36,10000,run
3,2016,12.83,10000,run
4,2016,11.93,10000,run
5,2016,12.68,10000,run
6,2016,12.42,10000,run
7,2016,12.44,10000,run
8,2016,12.45,10000,run
1,2000,8.13,20000,walking
2,2000,8.12,20000,walking
3,2000,6.47,20000,walking
4,2000,4.2,20000,walking
5,2000,5.34,20000,walking
6,2000,6.11,20000,walking
7,2000,5.81,20000,walking
8,2000,5.6,20000,walking
1,2004,12,20000,walking
2,2004,14.26,20000,walking
3,2004,11.48,20000,walking
4,2004,12.92,20000,walking
5,2004,11.71,20000,walking
6,2004,11.76,20000,walking
7,2004,13.94,20000,walking
8,2004,14.86,20000,walking
1,2008,9.24,20000,walking
2,2008,9.34,20000,walking
3,2008,14.47,20000,walking
4,2008,13.21,20000,walking
5,2008,12.05,20000,walking
6,2008,12.62,20000,walking
7,2008,11.67,20000,walking
8,2008,14.79,20000,walking
1,2012,14.32,20000,walking
2,2012,8.53,20000,walking
3,2012,6.55,20000,walking
4,2012,5.13,20000,walking
5,2012,4.39,20000,walking
6,2012,5.72,20000,walking
7,2012,9.18,20000,walking
8,2012,9.84,20000,walking
1,2016,9.42,20000,walking
2,2016,7.7,20000,walking
3,2016,15.37,20000,walking
4,2016,14.55,20000,walking
5,2016,13.53,20000,walking
6,2016,14.26,20000,walking
7,2016,15.39,20000,walking
8,2016,15.67,20000,walking
1,1984,14.69,42200,run
2,1984,15.14,42200,run
3,1984,15.63,42200,run
4,1984,16.05,42200,run
5,1984,16.02,42200,run
6,1984,15.83,42200,run
7,1984,15.27,42200,run
8,1984,15.47,42200,run
1,1988,13.14,42200,run
2,1988,13.11,42200,run
3,1988,12.88,42200,run
4,1988,12.48,42200,run
5,1988,13.07,42200,run
6,1988,12.36,42200,run
7,1988,11.96,42200,run
8,1988,11.51,42200,run
1,1992,13.17,42200,run
2,1992,13.24,42200,run
3,1992,13.36,42200,run
4,1992,14.35,42200,run
5,1992,13.87,42200,run
6,1992,13.89,42200,run
7,1992,13.54,42200,run
8,1992,13.68,42200,run
1,1996,12.92,42200,run
2,1996,12.79,42200,run
3,1996,13.45,42200,run
4,1996,14.53,42200,run
5,1996,14.87,42200,run
6,1996,15.14,42200,run
7,1996,15.15,42200,run
8,1996,14.36,42200,run
1,2000,13.3,42200,run
2,2000,14.16,42200,run
3,2000,13.89,42200,run
4,2000,14.22,42200,run
5,2000,13.68,42200,run
6,2000,14.53,42200,run
7,2000,14.77,42200,run
8,2000,14.82,42200,run
1,2004,12.69,42200,run
2,2004,13.54,42200,run
3,2004,13.57,42200,run
4,2004,13.54,42200,run
5,2004,12.05,42200,run
6,2004,12.46,42200,run
7,2004,13.27,42200,run
8,2004,13.83,42200,run
1,2008,15.93,42200,run
2,2008,14.64,42200,run
3,2008,15.95,42200,run
4,2008,16.08,42200,run
5,2008,15.8,42200,run
6,2008,15.67,42200,run
7,2008,14.7,42200,run
8,2008,14.71,42200,run
1,2012,12.78,42200,run
2,2012,12.68,42200,run
3,2012,12.57,42200,run
4,2012,13.37,42200,run
5,2012,14.23,42200,run
6,2012,14.66,42200,run
7,2012,14.32,42200,run
8,2012,15.16,42200,run
1,2016,13.06,42200,run
2,2016,12.52,42200,run
3,2016,12.27,42200,run
4,2016,12.07,42200,run
5,2016,12.07,42200,run
6,2016,12.99,42200,run
7,2016,13.36,42200,run
8,2016,13.98,42200,run
1,1968,22.85,highJump,jump
2,1968,22.85,highJump,jump
3,1968,24.21,highJump,jump
4,1968,23.34,highJump,jump
5,1968,21.99,highJump,jump
6,1968,21.99,highJump,jump
1,1972,20.36,highJump,jump
2,1972,20.36,highJump,jump
3,1972,22.62,highJump,jump
4,1972,21.4,highJump,jump
5,1972,22.79,highJump,jump
6,1972,22.79,highJump,jump
7,1972,20.95,highJump,jump
8,1972,21.9,highJump,jump
1,1976,18.42,highJump,jump
2,1976,18.22,highJump,jump
3,1976,19.56,highJump,jump
4,1976,21.52,highJump,jump
5,1976,20.81,highJump,jump
6,1976,22.02,highJump,jump
7,1976,22.02,highJump,jump
8,1976,22.02,highJump,jump
1,1980,17.7,highJump,jump
2,1980,16.59,highJump,jump
3,1980,17.94,highJump,jump
4,1980,16.82,highJump,jump
5,1980,18.18,highJump,jump
6,1980,18.18,highJump,jump
7,1980,18.18,highJump,jump
8,1980,19.55,highJump,jump
1,1984,17.95,highJump,jump
2,1984,18.18,highJump,jump
3,1984,17.11,highJump,jump
4,1984,18.42,highJump,jump
5,1984,18.42,highJump,jump
6,1984,17.33,highJump,jump
7,1984,18.67,highJump,jump
8,1984,20,highJump,jump
1,1988,14.96,highJump,jump
2,1988,15.52,highJump,jump
3,1988,15.52,highJump,jump
4,1988,17.03,highJump,jump
5,1988,17.03,highJump,jump
6,1988,17.03,highJump,jump
7,1988,17.26,highJump,jump
8,1988,17.26,highJump,jump
1,1992,18.3,highJump,jump
2,1992,19.57,highJump,jump
3,1992,18.53,highJump,jump
4,1992,18.53,highJump,jump
5,1992,16.37,highJump,jump
6,1992,16.37,highJump,jump
7,1992,17.7,highJump,jump
8,1992,17.7,highJump,jump
1,1996,15.22,highJump,jump
2,1996,15.22,highJump,jump
3,1996,16.52,highJump,jump
4,1996,16.52,highJump,jump
5,1996,16.74,highJump,jump
6,1996,16.74,highJump,jump
7,1996,15.63,highJump,jump
8,1996,15.63,highJump,jump
1,2000,16.81,highJump,jump
2,2000,14.98,highJump,jump
3,2000,16.3,highJump,jump
4,2000,16.3,highJump,jump
5,2000,16.67,highJump,jump
6,2000,16.67,highJump,jump
7,2000,18.92,highJump,jump
8,2000,18.92,highJump,jump
1,2004,15.02,highJump,jump
2,2004,15.22,highJump,jump
3,2004,14.1,highJump,jump
4,2004,16.74,highJump,jump
5,2004,18.94,highJump,jump
6,2004,17.86,highJump,jump
7,2004,17.86,highJump,jump
8,2004,17.86,highJump,jump
1,2008,15.22,highJump,jump
2,2008,14.98,highJump,jump
3,2008,15.86,highJump,jump
4,2008,15.86,highJump,jump
5,2008,16.74,highJump,jump
6,2008,15.63,highJump,jump
7,2008,17.86,highJump,jump
8,2008,17.86,highJump,jump
1,2012,11.84,highJump,jump
2,2012,11.84,highJump,jump
3,2012,14.47,highJump,jump
4,2012,15.79,highJump,jump
5,2012,16,highJump,jump
6,2012,18.22,highJump,jump
7,2012,14.42,highJump,jump
8,2012,14.42,highJump,jump
1,2016,12.23,highJump,jump
2,2016,12.83,highJump,jump
3,2016,12.67,highJump,jump
4,2016,13.57,highJump,jump
5,2016,14.48,highJump,jump
6,2016,14.48,highJump,jump
7,2016,16.74,highJump,jump
8,2016,14.81,highJump,jump
1,1968,23.48,longJump,jump
2,1968,22.52,longJump,jump
3,1968,28.55,longJump,jump
4,1968,28.68,longJump,jump
5,1968,28.04,longJump,jump
6,1968,27.94,longJump,jump
7,1968,27.84,longJump,jump
8,1968,29.79,longJump,jump
1,1972,23.63,longJump,jump
2,1972,23.57,longJump,jump
3,1972,26.68,longJump,jump
4,1972,27.66,longJump,jump
5,1972,28.48,longJump,jump
6,1972,28.34,longJump,jump
7,1972,29.12,longJump,jump
8,1972,28.7,longJump,jump
1,1976,19,longJump,jump
2,1976,19.98,longJump,jump
3,1976,19.93,longJump,jump
4,1976,20.42,longJump,jump
5,1976,20.48,longJump,jump
6,1976,20.38,longJump,jump
7,1976,22,longJump,jump
8,1976,24.24,longJump,jump
1,1980,15.46,longJump,jump
2,1980,15.61,longJump,jump
3,1980,17.69,longJump,jump
4,1980,19.32,longJump,jump
5,1980,19.47,longJump,jump
6,1980,19.49,longJump,jump
7,1980,19.08,longJump,jump
8,1980,20.1,longJump,jump
1,1984,20.9,longJump,jump
2,1984,19.39,longJump,jump
3,1984,19.51,longJump,jump
4,1984,20.44,longJump,jump
5,1984,21.16,longJump,jump
6,1984,20.68,longJump,jump
7,1984,21.54,longJump,jump
8,1984,20.74,longJump,jump
1,1988,14.95,longJump,jump
2,1988,21.28,longJump,jump
3,1988,17.7,longJump,jump
4,1988,17.21,longJump,jump
5,1988,19.93,longJump,jump
6,1988,18.54,longJump,jump
7,1988,18.16,longJump,jump
8,1988,20.02,longJump,jump
1,1992,17.87,longJump,jump
2,1992,18.99,longJump,jump
3,1992,19.25,longJump,jump
4,1992,19.11,longJump,jump
5,1992,19,longJump,jump
6,1992,19.17,longJump,jump
7,1992,18.96,longJump,jump
8,1992,19.59,longJump,jump
1,1996,16.09,longJump,jump
2,1996,16.91,longJump,jump
3,1996,17.11,longJump,jump
4,1996,18.38,longJump,jump
5,1996,18.89,longJump,jump
6,1996,18.73,longJump,jump
7,1996,17.57,longJump,jump
8,1996,17.06,longJump,jump
1,2000,15.63,longJump,jump
2,2000,14.37,longJump,jump
3,2000,15.29,longJump,jump
4,2000,15.24,longJump,jump
5,2000,16.79,longJump,jump
6,2000,16.73,longJump,jump
7,2000,17.31,longJump,jump
8,2000,18.74,longJump,jump
1,2004,14.13,longJump,jump
2,2004,15.68,longJump,jump
3,2004,18.59,longJump,jump
4,2004,17.07,longJump,jump
5,2004,17.43,longJump,jump
6,2004,17.47,longJump,jump
7,2004,17.73,longJump,jump
8,2004,16.62,longJump,jump
1,2008,16.87,longJump,jump
2,2008,17.11,longJump,jump
3,2008,18.25,longJump,jump
4,2008,18.29,longJump,jump
5,2008,18.97,longJump,jump
6,2008,18.79,longJump,jump
7,2008,15.92,longJump,jump
8,2008,15.61,longJump,jump
1,2012,14.17,longJump,jump
2,2012,13.73,longJump,jump
3,2012,13.76,longJump,jump
4,2012,14.16,longJump,jump
5,2012,13.84,longJump,jump
6,2012,13.74,longJump,jump
7,2012,14.16,longJump,jump
8,2012,12.88,longJump,jump
1,2016,14.9,longJump,jump
2,2016,18.18,longJump,jump
3,2016,17.7,longJump,jump
4,2016,18.17,longJump,jump
5,2016,19.43,longJump,jump
6,2016,19.47,longJump,jump
7,2016,19.39,longJump,jump
8,2016,19.46,longJump,jump
1,1996,21.93,tripleJump,jump
2,1996,20.03,tripleJump,jump
3,1996,19.49,tripleJump,jump
4,1996,19.11,tripleJump,jump
5,1996,19.47,tripleJump,jump
6,1996,20.59,tripleJump,jump
7,1996,19.52,tripleJump,jump
8,1996,20.91,tripleJump,jump
1,2000,17.83,tripleJump,jump
2,2000,17.87,tripleJump,jump
3,2000,17.4,tripleJump,jump
4,2000,17.68,tripleJump,jump
5,2000,16.79,tripleJump,jump
6,2000,17.94,tripleJump,jump
7,2000,17.55,tripleJump,jump
8,2000,19.09,tripleJump,jump
1,2004,18.73,tripleJump,jump
2,2004,20.25,tripleJump,jump
3,2004,21.9,tripleJump,jump
4,2004,22.05,tripleJump,jump
5,2004,20.48,tripleJump,jump
6,2004,20.48,tripleJump,jump
7,2004,21.09,tripleJump,jump
8,2004,20.97,tripleJump,jump
1,2008,17.5,tripleJump,jump
2,2008,17.18,tripleJump,jump
3,2008,18.88,tripleJump,jump
4,2008,19.53,tripleJump,jump
5,2008,19.35,tripleJump,jump
6,2008,19,tripleJump,jump
7,2008,17.75,tripleJump,jump
8,2008,17.89,tripleJump,jump
1,2012,20.93,tripleJump,jump
2,2012,21.2,tripleJump,jump
3,2012,17.38,tripleJump,jump
4,2012,17.89,tripleJump,jump
5,2012,19.84,tripleJump,jump
6,2012,19.65,tripleJump,jump
7,2012,19.46,tripleJump,jump
8,2012,20.09,tripleJump,jump
1,2016,19.32,tripleJump,jump
2,2016,18.52,tripleJump,jump
3,2016,18.94,tripleJump,jump
4,2016,19.41,tripleJump,jump
5,2016,18.87,tripleJump,jump
6,2016,20.64,tripleJump,jump
7,2016,20.49,tripleJump,jump
8,2016,20.02,tripleJump,jump
